FCLTY_NM,FCLTY_SDIV_CD,FCLTY_FLAG_NM,INDUTY_CD,INDUTY_NM,FCLTY_TY_CD,FCLTY_TY_NM,CTPRVN_CD,CTPRVN_NM,SIGNGU_CD,SIGNGU_NM,EMD_CD,EMD_NM,FCLTY_ADDR,FCLTY_TEL_NO,FCLTY_LA,FCLTY_LO,PBTRNSP_FCLTY_SDIV_1R_NM,STRT_DSTNC_1R_VALUE,WLKG_DSTNC_1R_VALUE,WLKG_MVMN_1R_TIME,BSTP_SUBWAYST_1R_NM,PBTRNSP_FCLTY_1R_LA,PBTRNSP_FCLTY_1R_LO,PBTRNSP_FCLTY_SDIV_2R_NM,STRT_DSTNC_2R_VALUE,WLKG_DSTNC_2R_VALUE,WLKG_MVMN_2R_TIME,BSTP_SUBWAYST_2R_NM,PBTRNSP_FCLTY_2R_LA,PBTRNSP_FCLTY_2R_LO,PBTRNSP_FCLTY_SDIV_3R_NM,STRT_DSTNC_3R_VALUE,WLKG_DSTNC_3R_VALUE,WLKG_MVMN_3R_TIME,BSTP_SUBWAYST_3R_NM,PBTRNSP_FCLTY_3R_LA,PBTRNSP_FCLTY_3R_LO,PBTRNSP_FCLTY_SDIV_4R_NM,STRT_DSTNC_4R_VALUE,WLKG_DSTNC_4R_VALUE,WLKG_MVMN_4R_TIME,BSTP_SUBWAYST_4R_NM,PBTRNSP_FCLTY_4R_LA,PBTRNSP_FCLTY_4R_LO,PBTRNSP_FCLTY_SDIV_5R_NM,STRT_DSTNC_5R_VALUE,WLKG_DSTNC_5R_VALUE,WLKG_MVMN_5R_TIME,BSTP_SUBWAYST_5R_NM,PBTRNSP_FCLTY_5R_LA,PBTRNSP_FCLTY_5R_LO,PROGRM_TY_NM,PROGRM_NM,PROGRM_TRGET_NM,PROGRM_BEGIN_DE,PROGRM_END_DE,PROGRM_ESTBL_WKDAY_NM,PROGRM_ESTBL_TIZN_VALUE,PROGRM_RCRIT_NMPR_CO,PROGRM_PRC,PROGRM_PRC_TY_NM,HMPG_URL,SAFE_MANAGT_CN,EDC_GOAL_CN,PRTC_NMPR_PARTCPT_AT,LDR_QUALF_CN
관문실내체육관,P,공공,P09,체육관,P0901,구기체육관,4100000000,경기도,4129000000,과천시,4129010100,관문동,경기도 과천시 중앙로 294 (관문동),,37.4413646646,126.9963477974,버스,288.48347,455.00000,436,대공원고가,37.44041996818305,126.99887913846928,버스,254.39899,515.00000,476,과천성당,37.4389239208838,126.99459360755802,버스,289.88199,604.00000,625,과천성당,37.438830752940426,126.99423324160006,버스,459.12352,645.00000,626,대공원고가교,37.43828523274526,127.0000375635761,버스,347.04200,688.00000,711,대공원고가,37.44055979421885,126.99943100757054,,배드민턴(장애인스포츠강좌이용권),고등생~성인,20241001,20241031,월화수목금토,09:30~11:00,50,53910.00000,,https://www.gcuc.or.kr,,,N,
국민체육센터 다목적체육관,P,공공,P09,체육관,P0903,생활체육관,4100000000,경기도,4139000000,시흥시,4139011900,하중동,경기도 시흥시 하중로 226 (하중동),03180840102,37.3915043106,126.8053465468,버스,56.30676,9.00000,7,시흥국민체육센터,37.3915857379643,126.80585057036855,버스,110.71395,134.00000,124,시흥국민체육센터,37.39115797013192,126.80632036079605,버스,226.95092,225.00000,284,시흥등기소,37.39071764366763,126.80733240476252,버스,238.20852,237.00000,239,시흥등기소,37.39096225452043,126.80746404917768,버스,155.03362,248.00000,230,샛말.참이슬.대우아파트,37.39378544643723,126.80507035020732,,장애인반_월수금(16시)*상담필수*,초등학생(장애인),20241001,20241031,,16:00~16:50,6,44000.00000,주3회어린이강습(1개월),https://sportsapp.shsi.or.kr,,,N,
군포국민체육센터 수영장,P,공공,P11,수영장,P1101,수영장,4100000000,경기도,4141000000,군포시,4141010300,부곡동,경기도 군포시 군포로 339 (부곡동),,37.3387632362338,126.936480446124,버스,128.99489,109.00000,99,안양컨트리클럽,37.339919886526744,126.93740923956864,버스,156.77462,201.00000,243,안양컨트리클럽,37.33974283207954,126.93776157868548,버스,234.72790,252.00000,335,삼성마을1단지아파트,37.34106863432487,126.93488766969429,버스,139.94950,266.00000,258,삼성주택단지앞,37.340857589098306,126.9364706274282,버스,219.23468,266.00000,299,기점대기,37.341238727078064,126.9377743933757,,[수영]화  목 장애초등  (초급),장애초등생,20250801,20250831,화목,,5,28000.00000,,https://www.gunpouc.or.kr,,,N,
능곡 어울림센터 다목적체육관,P,공공,P09,체육관,P0903,생활체육관,4100000000,경기도,4139000000,시흥시,4139011800,능곡동,경기도 시흥시 능곡로 140 (능곡동),,37.36638280126444,126.81599138300865,버스,52.58912,147.00000,130,능곡어울림센터.능곡중,37.36619211598768,126.81553244907666,버스,71.28549,180.00000,162,능곡어울림센터.능곡중,37.366019473835905,126.81538840003986,버스,368.07017,438.00000,373,시흥시노인종합복지관,37.36845467084161,126.81292289392512,버스,398.60070,479.00000,519,시흥시노인종합복지관,37.36855105527821,126.8126504266017,버스,437.91942,494.00000,469,능곡초교,37.36632846235632,126.81205321361503,수영,16시-장애인수영-화목,초등(13~18년생),20250601,20250630,,16:00~16:50,6,38500.00000,주2회초등학생강습(1개월),https://sportsapp.shsi.or.kr,,,N,
능곡어울림센터 수영장,P,공공,P11,수영장,P1101,수영장,4100000000,경기도,4139000000,시흥시,4139011800,능곡동,경기도 시흥시 능곡로 140 (능곡동),,37.3664199423237,126.815945572396,버스,48.38060,147.00000,130,능곡어울림센터.능곡중,37.36619211598768,126.81553244907666,버스,67.45696,180.00000,162,능곡어울림센터.능곡중,37.366019473835905,126.81538840003986,버스,362.42011,438.00000,373,시흥시노인종합복지관,37.36845467084161,126.81292289392512,버스,392.95644,479.00000,519,시흥시노인종합복지관,37.36855105527821,126.8126504266017,버스,432.85347,494.00000,469,능곡초교,37.36632846235632,126.81205321361503,수영프로그램,16시-장애인수영-화목,초등(13~18년생),20250901,20250930,,16:00~16:50,6,32000.00000,[관내거주]주2회청소년/어린이(1개월),https://sportsapp.shsi.or.kr,,,N,
부천국민체육센터 수영장(부천국민체육센터),P,공공,P11,수영장,P1101,수영장,4100000000,경기도,4119000000,부천시,4119010800,,경기도 부천시 석천로 293 (중동),,37.5127569713711,126.763910751334,버스,86.09489,116.00000,108,중원초교,37.51226267089659,126.76462626949996,버스,105.69970,179.00000,164,부천체육관,37.51425871869185,126.764220124,버스,119.22370,190.00000,234,중원초교,37.51182324937087,126.76482579333184,버스,162.02015,324.00000,354,부천체육관.부천초교사거리,37.51517264766051,126.7637299820722,버스,196.58369,344.00000,432,부천초등학교,37.51518505820763,126.76491749653476,,16 장애인반 ( 화목 ),초등학생 이상(키130cm이상),20250901,20250930,화목,,7,35000.00000,,https://www.best.or.kr,,,N,
부천국민체육센터 수영장(부천국민체육센터),P,공공,P11,수영장,P1101,수영장,4100000000,경기도,4119000000,부천시,4119010800,,경기도 부천시 석천로 293 (중동),,37.5127569713711,126.763910751334,버스,86.09489,116.00000,108,중원초교,37.51226267089659,126.76462626949996,버스,105.69970,179.00000,164,부천체육관,37.51425871869185,126.764220124,버스,119.22370,190.00000,234,중원초교,37.51182324937087,126.76482579333184,버스,162.02015,324.00000,354,부천체육관.부천초교사거리,37.51517264766051,126.7637299820722,버스,196.58369,344.00000,432,부천초등학교,37.51518505820763,126.76491749653476,,16 장애인반 ( 월수금 ),초등학생 이상(키130cm이상),20250901,20250930,월수금,,7,50000.00000,,https://www.best.or.kr,,,N,
삼각산문화예술회관수영장(구.강북구민회관수영장),P,공공,P11,수영장,P1101,수영장,1100000000,서울특별시,1130500000,강북구,1130510300,수유동,서울특별시 강북구 삼각산로 85 (수유동),,37.6409894263,127.0138773512,버스,38.72553,16.00000,14,강북구의회.강북문화예술회관,37.6404444049414,127.0139941209452,버스,62.30168,78.00000,70,강북구의회.강북문화예술회관,37.64040200540005,127.01431194361385,버스,214.56409,174.00000,156,국립재활원,37.640229540697526,127.0120027366118,버스,228.05645,190.00000,171,서울영어마을수유캠프국립재활원입구,37.640327506335055,127.01186547128906,버스,242.44408,196.00000,236,서울영어마을수유캠프국립재활원입구,37.64016439064009,127.0117543209359,,장애수영 17시 [화  목] 초급 성철우,"초중고,성인 장애인",20250901,20250930,화목토,,10,21000.00000,,https://gbcmc.or.kr,,,N,
삼각산문화예술회관수영장(구.강북구민회관수영장),P,공공,P11,수영장,P1101,수영장,1100000000,서울특별시,1130500000,강북구,1130510300,수유동,서울특별시 강북구 삼각산로 85 (수유동),,37.6409894263,127.0138773512,버스,38.72553,16.00000,14,강북구의회.강북문화예술회관,37.6404444049414,127.0139941209452,버스,62.30168,78.00000,70,강북구의회.강북문화예술회관,37.64040200540005,127.01431194361385,버스,214.56409,174.00000,156,국립재활원,37.640229540697526,127.0120027366118,버스,228.05645,190.00000,171,서울영어마을수유캠프국립재활원입구,37.640327506335055,127.01186547128906,버스,242.44408,196.00000,236,서울영어마을수유캠프국립재활원입구,37.64016439064009,127.0117543209359,,장애수영 17시 [화  목] 초급 허기열,"초중고,성인 장애인",20250501,20250531,화목토,,10,21000.00000,,https://gbcmc.or.kr,,,N,
삼각산문화예술회관수영장(구.강북구민회관수영장),P,공공,P11,수영장,P1101,수영장,1100000000,서울특별시,1130500000,강북구,1130510300,수유동,서울특별시 강북구 삼각산로 85 (수유동),,37.6409894263,127.0138773512,버스,38.72553,16.00000,14,강북구의회.강북문화예술회관,37.6404444049414,127.0139941209452,버스,62.30168,78.00000,70,강북구의회.강북문화예술회관,37.64040200540005,127.01431194361385,버스,214.56409,174.00000,156,국립재활원,37.640229540697526,127.0120027366118,버스,228.05645,190.00000,171,서울영어마을수유캠프국립재활원입구,37.640327506335055,127.01186547128906,버스,242.44408,196.00000,236,서울영어마을수유캠프국립재활원입구,37.64016439064009,127.0117543209359,,장애수영 17시 [화목] 초급 허기열,"초중고,성인 장애인",20250101,20250131,화목토,17:00~17:50,10,21000.00000,,https://gbcmc.or.kr,,,N,"수영생활스포츠지도사 2급
"
서부산권장애인스포츠센터,P,공공,P09,체육관,P0903,생활체육관,2600000000,부산광역시,2638000000,사하구,2638010300,하단동,부산광역시 사하구 낙동남로1233번길 20 (하단동),,35.1094279994477,128.946837565307,버스,95.05467,183.00000,164,을숙도,35.108068173658346,128.9468478496878,버스,113.14062,225.00000,203,을숙도(문화회관),35.10799246299844,128.9473076824657,버스,114.04115,247.00000,301,을숙도,35.10779820389868,128.94678987621054,버스,123.02639,290.00000,347,을숙도(문화회관),35.107846701208906,128.94635166748662,버스,383.13841,419.00000,436,부산현대미술관,35.108256791425035,128.94347148464496,,헬스,청소년이상,20251201,20251231,월화수목금토,,500,50000.00000,,https://www.sbsd.kr,,,N,
서부산권장애인스포츠센터,P,공공,P09,체육관,P0903,생활체육관,2600000000,부산광역시,2638000000,사하구,2638010300,하단동,부산광역시 사하구 낙동남로1233번길 20 (하단동),,35.1094279994477,128.946837565307,버스,95.05467,183.00000,164,을숙도,35.108068173658346,128.9468478496878,버스,113.14062,225.00000,203,을숙도(문화회관),35.10799246299844,128.9473076824657,버스,114.04115,247.00000,301,을숙도,35.10779820389868,128.94678987621054,버스,123.02639,290.00000,347,을숙도(문화회관),35.107846701208906,128.94635166748662,버스,383.13841,419.00000,436,부산현대미술관,35.108256791425035,128.94347148464496,,11시 주말어린이수영[일],어린이,20251201,20251231,일,,8,75000.00000,,https://www.sbsd.kr,,,N,
서부산권장애인스포츠센터,P,공공,P09,체육관,P0903,생활체육관,2600000000,부산광역시,2638000000,사하구,2638010300,하단동,부산광역시 사하구 낙동남로1233번길 20 (하단동),,35.1094279994477,128.946837565307,버스,95.05467,183.00000,164,을숙도,35.108068173658346,128.9468478496878,버스,113.14062,225.00000,203,을숙도(문화회관),35.10799246299844,128.9473076824657,버스,114.04115,247.00000,301,을숙도,35.10779820389868,128.94678987621054,버스,123.02639,290.00000,347,을숙도(문화회관),35.107846701208906,128.94635166748662,버스,383.13841,419.00000,436,부산현대미술관,35.108256791425035,128.94347148464496,,10시 주말어린이수영[토],어린이,20251201,20251231,토,,8,100000.00000,,https://www.sbsd.kr,,,N,
서부산권장애인스포츠센터,P,공공,P09,체육관,P0903,생활체육관,2600000000,부산광역시,2638000000,사하구,2638010300,하단동,부산광역시 사하구 낙동남로1233번길 20 (하단동),,35.1094279994477,128.946837565307,버스,95.05467,183.00000,164,을숙도,35.108068173658346,128.9468478496878,버스,113.14062,225.00000,203,을숙도(문화회관),35.10799246299844,128.9473076824657,버스,114.04115,247.00000,301,을숙도,35.10779820389868,128.94678987621054,버스,123.02639,290.00000,347,을숙도(문화회관),35.107846701208906,128.94635166748662,버스,383.13841,419.00000,436,부산현대미술관,35.108256791425035,128.94347148464496,,10시 주말어린이수영[일],어린이,20251201,20251231,일,,8,75000.00000,,https://www.sbsd.kr,,,N,
서부산권장애인스포츠센터,P,공공,P09,체육관,P0903,생활체육관,2600000000,부산광역시,2638000000,사하구,2638010300,하단동,부산광역시 사하구 낙동남로1233번길 20 (하단동),,35.1094279994477,128.946837565307,버스,95.05467,183.00000,164,을숙도,35.108068173658346,128.9468478496878,버스,113.14062,225.00000,203,을숙도(문화회관),35.10799246299844,128.9473076824657,버스,114.04115,247.00000,301,을숙도,35.10779820389868,128.94678987621054,버스,123.02639,290.00000,347,을숙도(문화회관),35.107846701208906,128.94635166748662,버스,383.13841,419.00000,436,부산현대미술관,35.108256791425035,128.94347148464496,,09시 주말어린이수영[토],어린이,20251201,20251231,토,,8,100000.00000,,https://www.sbsd.kr,,,N,
서부산권장애인스포츠센터,P,공공,P09,체육관,P0903,생활체육관,2600000000,부산광역시,2638000000,사하구,2638010300,하단동,부산광역시 사하구 낙동남로1233번길 20 (하단동),,35.1094279994477,128.946837565307,버스,95.05467,183.00000,164,을숙도,35.108068173658346,128.9468478496878,버스,113.14062,225.00000,203,을숙도(문화회관),35.10799246299844,128.9473076824657,버스,114.04115,247.00000,301,을숙도,35.10779820389868,128.94678987621054,버스,123.02639,290.00000,347,을숙도(문화회관),35.107846701208906,128.94635166748662,버스,383.13841,419.00000,436,부산현대미술관,35.108256791425035,128.94347148464496,,09시 주말어린이수영[일],어린이,20251201,20251231,일,,8,75000.00000,,https://www.sbsd.kr,,,N,
서부산권장애인스포츠센터,P,공공,P09,체육관,P0903,생활체육관,2600000000,부산광역시,2638000000,사하구,2638010300,하단동,부산광역시 사하구 낙동남로1233번길 20 (하단동),,35.1094279994477,128.946837565307,버스,95.05467,183.00000,164,을숙도,35.108068173658346,128.9468478496878,버스,113.14062,225.00000,203,을숙도(문화회관),35.10799246299844,128.9473076824657,버스,114.04115,247.00000,301,을숙도,35.10779820389868,128.94678987621054,버스,123.02639,290.00000,347,을숙도(문화회관),35.107846701208906,128.94635166748662,버스,383.13841,419.00000,436,부산현대미술관,35.108256791425035,128.94347148464496,,08시 주말어린이수영[토],어린이,20251201,20251231,토,,8,100000.00000,,https://www.sbsd.kr,,,N,
서부산권장애인스포츠센터,P,공공,P09,체육관,P0903,생활체육관,2600000000,부산광역시,2638000000,사하구,2638010300,하단동,부산광역시 사하구 낙동남로1233번길 20 (하단동),,35.1094279994477,128.946837565307,버스,95.05467,183.00000,164,을숙도,35.108068173658346,128.9468478496878,버스,113.14062,225.00000,203,을숙도(문화회관),35.10799246299844,128.9473076824657,버스,114.04115,247.00000,301,을숙도,35.10779820389868,128.94678987621054,버스,123.02639,290.00000,347,을숙도(문화회관),35.107846701208906,128.94635166748662,버스,383.13841,419.00000,436,부산현대미술관,35.108256791425035,128.94347148464496,,08시 주말어린이수영[일],어린이,20251201,20251231,일,,8,100000.00000,,https://www.sbsd.kr,,,N,
서부산권장애인스포츠센터,P,공공,P09,체육관,P0903,생활체육관,2600000000,부산광역시,2638000000,사하구,2638010300,하단동,부산광역시 사하구 낙동남로1233번길 20 (하단동),,35.1094279994477,128.946837565307,버스,95.05467,183.00000,164,을숙도,35.108068173658346,128.9468478496878,버스,113.14062,225.00000,203,을숙도(문화회관),35.10799246299844,128.9473076824657,버스,114.04115,247.00000,301,을숙도,35.10779820389868,128.94678987621054,버스,123.02639,290.00000,347,을숙도(문화회관),35.107846701208906,128.94635166748662,버스,383.13841,419.00000,436,부산현대미술관,35.108256791425035,128.94347148464496,,17시 어린이수영[월수금],어린이,20251201,20251231,월수금,,20,50000.00000,,https://www.sbsd.kr,,,N,
서부산권장애인스포츠센터,P,공공,P09,체육관,P0903,생활체육관,2600000000,부산광역시,2638000000,사하구,2638010300,하단동,부산광역시 사하구 낙동남로1233번길 20 (하단동),,35.1094279994477,128.946837565307,버스,95.05467,183.00000,164,을숙도,35.108068173658346,128.9468478496878,버스,113.14062,225.00000,203,을숙도(문화회관),35.10799246299844,128.9473076824657,버스,114.04115,247.00000,301,을숙도,35.10779820389868,128.94678987621054,버스,123.02639,290.00000,347,을숙도(문화회관),35.107846701208906,128.94635166748662,버스,383.13841,419.00000,436,부산현대미술관,35.108256791425035,128.94347148464496,,17시 어린이소그룹반[화목],어린이,20251201,20251231,화목,,7,140000.00000,,https://www.sbsd.kr,,,N,
서부산권장애인스포츠센터,P,공공,P09,체육관,P0903,생활체육관,2600000000,부산광역시,2638000000,사하구,2638010300,하단동,부산광역시 사하구 낙동남로1233번길 20 (하단동),,35.1094279994477,128.946837565307,버스,95.05467,183.00000,164,을숙도,35.108068173658346,128.9468478496878,버스,113.14062,225.00000,203,을숙도(문화회관),35.10799246299844,128.9473076824657,버스,114.04115,247.00000,301,을숙도,35.10779820389868,128.94678987621054,버스,123.02639,290.00000,347,을숙도(문화회관),35.107846701208906,128.94635166748662,버스,383.13841,419.00000,436,부산현대미술관,35.108256791425035,128.94347148464496,,16시 어린이수영[월수금],어린이,20251201,20251231,월수금,,20,50000.00000,,https://www.sbsd.kr,,,N,
서부산권장애인스포츠센터,P,공공,P09,체육관,P0903,생활체육관,2600000000,부산광역시,2638000000,사하구,2638010300,하단동,부산광역시 사하구 낙동남로1233번길 20 (하단동),,35.1094279994477,128.946837565307,버스,95.05467,183.00000,164,을숙도,35.108068173658346,128.9468478496878,버스,113.14062,225.00000,203,을숙도(문화회관),35.10799246299844,128.9473076824657,버스,114.04115,247.00000,301,을숙도,35.10779820389868,128.94678987621054,버스,123.02639,290.00000,347,을숙도(문화회관),35.107846701208906,128.94635166748662,버스,383.13841,419.00000,436,부산현대미술관,35.108256791425035,128.94347148464496,,16시 어린이소그룹반[화목],어린이,20251201,20251231,화목,,7,140000.00000,,https://www.sbsd.kr,,,N,
서부산권장애인스포츠센터,P,공공,P09,체육관,P0903,생활체육관,2600000000,부산광역시,2638000000,사하구,2638010300,하단동,부산광역시 사하구 낙동남로1233번길 20 (하단동),,35.1094279994477,128.946837565307,버스,95.05467,183.00000,164,을숙도,35.108068173658346,128.9468478496878,버스,113.14062,225.00000,203,을숙도(문화회관),35.10799246299844,128.9473076824657,버스,114.04115,247.00000,301,을숙도,35.10779820389868,128.94678987621054,버스,123.02639,290.00000,347,을숙도(문화회관),35.107846701208906,128.94635166748662,버스,383.13841,419.00000,436,부산현대미술관,35.108256791425035,128.94347148464496,,11시 주말어린이수영[토],어린이,20251201,20251231,토,,8,100000.00000,,https://www.sbsd.kr,,,N,
서부산권장애인스포츠센터,P,공공,P09,체육관,P0903,생활체육관,2600000000,부산광역시,2638000000,사하구,2638010300,하단동,부산광역시 사하구 낙동남로1233번길 20 (하단동),,35.1094279994477,128.946837565307,버스,95.05467,183.00000,164,을숙도,35.108068173658346,128.9468478496878,버스,113.14062,225.00000,203,을숙도(문화회관),35.10799246299844,128.9473076824657,버스,114.04115,247.00000,301,을숙도,35.10779820389868,128.94678987621054,버스,123.02639,290.00000,347,을숙도(문화회관),35.107846701208906,128.94635166748662,버스,383.13841,419.00000,436,부산현대미술관,35.108256791425035,128.94347148464496,,10시 줌바&다이어트댄스[토],초등학생 이상,20251201,20251231,토,,50,27750.00000,,https://www.sbsd.kr,,,N,
서부산권장애인스포츠센터,P,공공,P09,체육관,P0903,생활체육관,2600000000,부산광역시,2638000000,사하구,2638010300,하단동,부산광역시 사하구 낙동남로1233번길 20 (하단동),,35.1094279994477,128.946837565307,버스,95.05467,183.00000,164,을숙도,35.108068173658346,128.9468478496878,버스,113.14062,225.00000,203,을숙도(문화회관),35.10799246299844,128.9473076824657,버스,114.04115,247.00000,301,을숙도,35.10779820389868,128.94678987621054,버스,123.02639,290.00000,347,을숙도(문화회관),35.107846701208906,128.94635166748662,버스,383.13841,419.00000,436,부산현대미술관,35.108256791425035,128.94347148464496,,13시 토요어린이배드민턴[토],초등학생,20251201,20251231,토,,25,35000.00000,,https://www.sbsd.kr,,,N,
서부산권장애인스포츠센터,P,공공,P09,체육관,P0903,생활체육관,2600000000,부산광역시,2638000000,사하구,2638010300,하단동,부산광역시 사하구 낙동남로1233번길 20 (하단동),,35.1094279994477,128.946837565307,버스,95.05467,183.00000,164,을숙도,35.108068173658346,128.9468478496878,버스,113.14062,225.00000,203,을숙도(문화회관),35.10799246299844,128.9473076824657,버스,114.04115,247.00000,301,을숙도,35.10779820389868,128.94678987621054,버스,123.02639,290.00000,347,을숙도(문화회관),35.107846701208906,128.94635166748662,버스,383.13841,419.00000,436,부산현대미술관,35.108256791425035,128.94347148464496,,14시 토요어린이배드민턴[토],초등학생,20251201,20251231,토,,25,35000.00000,,https://www.sbsd.kr,,,N,
서부산권장애인스포츠센터,P,공공,P09,체육관,P0903,생활체육관,2600000000,부산광역시,2638000000,사하구,2638010300,하단동,부산광역시 사하구 낙동남로1233번길 20 (하단동),,35.1094279994477,128.946837565307,버스,95.05467,183.00000,164,을숙도,35.108068173658346,128.9468478496878,버스,113.14062,225.00000,203,을숙도(문화회관),35.10799246299844,128.9473076824657,버스,114.04115,247.00000,301,을숙도,35.10779820389868,128.94678987621054,버스,123.02639,290.00000,347,을숙도(문화회관),35.107846701208906,128.94635166748662,버스,383.13841,419.00000,436,부산현대미술관,35.108256791425035,128.94347148464496,,11시 줌바&다이어트댄스[토],초등학생 이상,20250801,20250831,토,,50,37000.00000,,https://www.sbsd.kr,,,N,
서부산권장애인스포츠센터,P,공공,P09,체육관,P0903,생활체육관,2600000000,부산광역시,2638000000,사하구,2638010300,하단동,부산광역시 사하구 낙동남로1233번길 20 (하단동),,35.1094279994477,128.946837565307,버스,95.05467,183.00000,164,을숙도,35.108068173658346,128.9468478496878,버스,113.14062,225.00000,203,을숙도(문화회관),35.10799246299844,128.9473076824657,버스,114.04115,247.00000,301,을숙도,35.10779820389868,128.94678987621054,버스,123.02639,290.00000,347,을숙도(문화회관),35.107846701208906,128.94635166748662,버스,383.13841,419.00000,436,부산현대미술관,35.108256791425035,128.94347148464496,,16시 수영방학특강,초등학생,20250801,20250831,월화수목금,,10,250000.00000,,https://www.sbsd.kr,,,N,
서부산권장애인스포츠센터,P,공공,P09,체육관,P0903,생활체육관,2600000000,부산광역시,2638000000,사하구,2638010300,하단동,부산광역시 사하구 낙동남로1233번길 20 (하단동),,35.1094279994477,128.946837565307,버스,95.05467,183.00000,164,을숙도,35.108068173658346,128.9468478496878,버스,113.14062,225.00000,203,을숙도(문화회관),35.10799246299844,128.9473076824657,버스,114.04115,247.00000,301,을숙도,35.10779820389868,128.94678987621054,버스,123.02639,290.00000,347,을숙도(문화회관),35.107846701208906,128.94635166748662,버스,383.13841,419.00000,436,부산현대미술관,35.108256791425035,128.94347148464496,,15시 수영방학특강,초등학생,20250801,20250831,월화수목금,,10,250000.00000,,https://www.sbsd.kr,,,N,
서부산권장애인스포츠센터,P,공공,P09,체육관,P0903,생활체육관,2600000000,부산광역시,2638000000,사하구,2638010300,하단동,부산광역시 사하구 낙동남로1233번길 20 (하단동),,35.1094279994477,128.946837565307,버스,95.05467,183.00000,164,을숙도,35.108068173658346,128.9468478496878,버스,113.14062,225.00000,203,을숙도(문화회관),35.10799246299844,128.9473076824657,버스,114.04115,247.00000,301,을숙도,35.10779820389868,128.94678987621054,버스,123.02639,290.00000,347,을숙도(문화회관),35.107846701208906,128.94635166748662,버스,383.13841,419.00000,436,부산현대미술관,35.108256791425035,128.94347148464496,,10시 주말어린이수영 중급[토],어린이,20250501,20250531,토,,8,100000.00000,,https://www.sbsd.kr,,,N,
서부산권장애인스포츠센터,P,공공,P09,체육관,P0903,생활체육관,2600000000,부산광역시,2638000000,사하구,2638010300,하단동,부산광역시 사하구 낙동남로1233번길 20 (하단동),,35.1094279994477,128.946837565307,버스,95.05467,183.00000,164,을숙도,35.108068173658346,128.9468478496878,버스,113.14062,225.00000,203,을숙도(문화회관),35.10799246299844,128.9473076824657,버스,114.04115,247.00000,301,을숙도,35.10779820389868,128.94678987621054,버스,123.02639,290.00000,347,을숙도(문화회관),35.107846701208906,128.94635166748662,버스,383.13841,419.00000,436,부산현대미술관,35.108256791425035,128.94347148464496,,13시 어린이배드민턴[토],초등학생,20250701,20250731,토,,25,35000.00000,,https://www.sbsd.kr,,,N,
서부산권장애인스포츠센터,P,공공,P09,체육관,P0903,생활체육관,2600000000,부산광역시,2638000000,사하구,2638010300,하단동,부산광역시 사하구 낙동남로1233번길 20 (하단동),,35.1094279994477,128.946837565307,버스,95.05467,183.00000,164,을숙도,35.108068173658346,128.9468478496878,버스,113.14062,225.00000,203,을숙도(문화회관),35.10799246299844,128.9473076824657,버스,114.04115,247.00000,301,을숙도,35.10779820389868,128.94678987621054,버스,123.02639,290.00000,347,을숙도(문화회관),35.107846701208906,128.94635166748662,버스,383.13841,419.00000,436,부산현대미술관,35.108256791425035,128.94347148464496,,14시 어린이배드민턴[토],초등학생,20250701,20250731,토,,25,35000.00000,,https://www.sbsd.kr,,,N,
속초국민체육센터,P,공공,P11,수영장,P1101,수영장,5100000000,강원특별자치도,5121000000,속초시,4221010800,,강원특별자치도 속초시 조양로 89 (조양동),0336393714,38.18655925274479,128.59101189728827,버스,111.40600,117.00000,101,주공4차아파트입구,38.186795772664524,128.5920028737166,버스,228.50311,224.00000,191,주공4차아파트,38.186925601737975,128.5930541298148,버스,249.46146,234.00000,245,청봉초등학교,38.187001190540634,128.58878543586192,버스,196.53879,320.00000,287,주공4차아파트,38.18551309750747,128.59265454141232,버스,212.36517,320.00000,287,주공4차아파트,38.18554832643594,128.59281463795918,수영,장애인수영반,"청소년,성인,경로",20241201,20241231,토일,09:30~10:20,5,0.00000,,https://sports.sokcho.go.kr,,,N,"생활스포츠지도자(수영,보디빌딩)
"
속초시도서체육센터(구 속초국민체육센터),P,공공,P11,수영장,P1101,수영장,5100000000,강원특별자치도,5121000000,속초시,4221010800,,강원특별자치도 속초시 조양로 89 (조양동),0336393714,38.18655925274479,128.59101189728827,버스,111.40600,117.00000,101,주공4차아파트입구,38.186795772664524,128.5920028737166,버스,228.50311,224.00000,191,주공4차아파트,38.186925601737975,128.5930541298148,버스,249.46146,234.00000,245,청봉초등학교,38.187001190540634,128.58878543586192,버스,196.53879,320.00000,287,주공4차아파트,38.18551309750747,128.59265454141232,버스,212.36517,320.00000,287,주공4차아파트,38.18554832643594,128.59281463795918,수영,장애인수영반,"청소년,성인,경로",20251201,20251231,토일,09:30~10:20,5,0.00000,,https://sports.sokcho.go.kr,,,N,"생활스포츠지도자(수영,보디빌딩)
"
시흥국민체육센터,P,공공,P09,체육관,P0903,생활체육관,4100000000,경기도,4139000000,시흥시,4139011900,하중동,경기도 시흥시 하중로 226 (하중동),03180840102,37.3915043106,126.8053465468,버스,56.30676,9.00000,7,시흥국민체육센터,37.3915857379643,126.80585057036855,버스,110.71395,134.00000,124,시흥국민체육센터,37.39115797013192,126.80632036079605,버스,226.95092,225.00000,284,시흥등기소,37.39071764366763,126.80733240476252,버스,238.20852,237.00000,239,시흥등기소,37.39096225452043,126.80746404917768,버스,155.03362,248.00000,230,샛말.참이슬.대우아파트,37.39378544643723,126.80507035020732,수영,장애인반_월수금(16시)*상담필수*,초등학생(장애인),20250301,20250331,,16:00~16:50,6,44000.00000,주3회어린이강습(1개월),https://sportsapp.shsi.or.kr,,,N,
시흥국민체육센터 체력단련장,P,공공,P09,체육관,P0903,생활체육관,4100000000,경기도,4139000000,시흥시,4139011900,하중동,경기도 시흥시 하중로 226 (하중동),03180840102,37.3915043106,126.8053465468,버스,56.30676,9.00000,7,시흥국민체육센터,37.3915857379643,126.80585057036855,버스,110.71395,134.00000,124,시흥국민체육센터,37.39115797013192,126.80632036079605,버스,226.95092,225.00000,284,시흥등기소,37.39071764366763,126.80733240476252,버스,238.20852,237.00000,239,시흥등기소,37.39096225452043,126.80746404917768,버스,155.03362,248.00000,230,샛말.참이슬.대우아파트,37.39378544643723,126.80507035020732,수영,장애인반_월수금(16시)*상담필수*,초등학생(장애인),20251001,20251031,,16:00~16:50,0,44000.00000,[관내]주3회어린이강습(11회),https://sportsapp.shsi.or.kr,,,N,
시흥어울림국민체육센터 수영장,P,공공,P11,수영장,P1101,수영장,4100000000,경기도,4139000000,시흥시,4139013200,정왕동,경기도 시흥시 정왕대로233번길 33 (정왕동),,37.3483539428602,126.740958195904,버스,43.48025,72.00000,64,소방서.군서고.여성비전센터,37.348986358412716,126.74085928002134,버스,71.37626,74.00000,67,정왕사회복지관.여성비전센터,37.34739561379008,126.74124698096615,버스,89.86747,117.00000,105,정왕사회복지관.여성비전센터,37.34736233651395,126.7415071218707,버스,89.17384,156.00000,200,소방서.군서고.여성비전센터,37.34951476600113,126.74055701101405,버스,291.15748,227.00000,264,군서중학교,37.34733850129335,126.74350520195433,수영,16시어울림반(장애인)_월수금,초등/청소년,20251101,20251130,,16:00~16:50,0,48000.00000,[관내]청소년(월수금_12회),https://sportsapp.shsi.or.kr,,,N,
시흥어울림국민체육센터 수영장,P,공공,P11,수영장,P1101,수영장,4100000000,경기도,4139000000,시흥시,4139013200,정왕동,경기도 시흥시 정왕대로233번길 33 (정왕동),,37.3483539428602,126.740958195904,버스,43.48025,72.00000,64,소방서.군서고.여성비전센터,37.348986358412716,126.74085928002134,버스,71.37626,74.00000,67,정왕사회복지관.여성비전센터,37.34739561379008,126.74124698096615,버스,89.86747,117.00000,105,정왕사회복지관.여성비전센터,37.34736233651395,126.7415071218707,버스,89.17384,156.00000,200,소방서.군서고.여성비전센터,37.34951476600113,126.74055701101405,버스,291.15748,227.00000,264,군서중학교,37.34733850129335,126.74350520195433,수영,17시어울림반(장애인)_월수금,초등/청소년,20251101,20251130,,17:00~17:50,0,48000.00000,[관내]청소년(월수금_12회),https://sportsapp.shsi.or.kr,,,N,
시흥어울림국민체육센터 수영장,P,공공,P11,수영장,P1101,수영장,4100000000,경기도,4139000000,시흥시,4139013200,정왕동,경기도 시흥시 정왕대로233번길 33 (정왕동),,37.3483539428602,126.740958195904,버스,43.48025,72.00000,64,소방서.군서고.여성비전센터,37.348986358412716,126.74085928002134,버스,71.37626,74.00000,67,정왕사회복지관.여성비전센터,37.34739561379008,126.74124698096615,버스,89.86747,117.00000,105,정왕사회복지관.여성비전센터,37.34736233651395,126.7415071218707,버스,89.17384,156.00000,200,소방서.군서고.여성비전센터,37.34951476600113,126.74055701101405,버스,291.15748,227.00000,264,군서중학교,37.34733850129335,126.74350520195433,수영,17시어울림반(장애인)_화목,초등/청소년,20251101,20251130,,17:00~17:50,0,32000.00000,[관내]청소년(화목_8회),https://sportsapp.shsi.or.kr,,,N,
시흥어울림국민체육센터 수영장,P,공공,P11,수영장,P1101,수영장,4100000000,경기도,4139000000,시흥시,4139013200,정왕동,경기도 시흥시 정왕대로233번길 33 (정왕동),,37.3483539428602,126.740958195904,버스,43.48025,72.00000,64,소방서.군서고.여성비전센터,37.348986358412716,126.74085928002134,버스,71.37626,74.00000,67,정왕사회복지관.여성비전센터,37.34739561379008,126.74124698096615,버스,89.86747,117.00000,105,정왕사회복지관.여성비전센터,37.34736233651395,126.7415071218707,버스,89.17384,156.00000,200,소방서.군서고.여성비전센터,37.34951476600113,126.74055701101405,버스,291.15748,227.00000,264,군서중학교,37.34733850129335,126.74350520195433,수영,"월수금★장애인★강좌상세보기\>16시<어울림반>월수금★장애인★""","어린이,청소년",20250701,20250731,,16:00~16:50,0,48000.00000,"월수금★장애인★강좌상세보기\>*[관내]청소년[월수금]-1개월""",https://sportsapp.shsi.or.kr,,,N,
시흥어울림국민체육센터 수영장,P,공공,P11,수영장,P1101,수영장,4100000000,경기도,4139000000,시흥시,4139013200,정왕동,경기도 시흥시 정왕대로233번길 33 (정왕동),,37.3483539428602,126.740958195904,버스,43.48025,72.00000,64,소방서.군서고.여성비전센터,37.348986358412716,126.74085928002134,버스,71.37626,74.00000,67,정왕사회복지관.여성비전센터,37.34739561379008,126.74124698096615,버스,89.86747,117.00000,105,정왕사회복지관.여성비전센터,37.34736233651395,126.7415071218707,버스,89.17384,156.00000,200,소방서.군서고.여성비전센터,37.34951476600113,126.74055701101405,버스,291.15748,227.00000,264,군서중학교,37.34733850129335,126.74350520195433,수영,"월수금★장애인★강좌상세보기\>17시<어울림반>월수금★장애인★""","어린이,청소년",20250701,20250731,,17:00~17:50,0,48000.00000,"월수금★장애인★강좌상세보기\>*[관내]청소년[월수금]-1개월""",https://sportsapp.shsi.or.kr,,,N,
시흥어울림국민체육센터 수영장,P,공공,P11,수영장,P1101,수영장,4100000000,경기도,4139000000,시흥시,4139013200,정왕동,경기도 시흥시 정왕대로233번길 33 (정왕동),,37.3483539428602,126.740958195904,버스,43.48025,72.00000,64,소방서.군서고.여성비전센터,37.348986358412716,126.74085928002134,버스,71.37626,74.00000,67,정왕사회복지관.여성비전센터,37.34739561379008,126.74124698096615,버스,89.86747,117.00000,105,정왕사회복지관.여성비전센터,37.34736233651395,126.7415071218707,버스,89.17384,156.00000,200,소방서.군서고.여성비전센터,37.34951476600113,126.74055701101405,버스,291.15748,227.00000,264,군서중학교,37.34733850129335,126.74350520195433,수영,"화목★장애인★강좌상세보기\>17시<어울림반>화목★장애인★""","어린이,청소년",20250701,20250731,,17:00~17:50,0,32000.00000,"화목★장애인★강좌상세보기\>*[관내]청소년[화목]-1개월""",https://sportsapp.shsi.or.kr,,,N,
용산문화체육센터수영장,P,공공,P11,수영장,P1101,수영장,1100000000,서울특별시,1117000000,용산구,1117012200,문배동,서울특별시 용산구 백범로 350 (문배동),027072492,37.5372419256,126.9676267129,버스,77.44108,77.00000,69,문배동등기소앞,37.537693836828105,126.96698547910313,버스,210.20620,162.00000,145,용산등기소,37.536931937247964,126.96950792859634,버스,213.88806,181.00000,222,문배어린이공원,37.5371755847989,126.9695498406554,버스,94.73389,216.00000,254,용산꿈나무종합타운,37.53847972730722,126.96721227355596,버스,121.74066,240.00000,276,용산꿈나무종합타운.원효로우체국,37.53865754261223,126.96693825551105,수영,장애인수영15_토,초등이상,20250901,20250930,토,,12,44000.00000,,https://yssports.yong-san.or.kr,,,N,
